dataset,filename
kvasir,cju0u82z3cuma0835wlxrnrjv.png
kvasir,cju15wdt3zla10801odjiw7sy.png
kvasir,cju16ach3m1da0993r1dq3sn2.png
kvasir,cju16whaj0e7n0855q7b6cjkm.png
kvasir,cju17z0qongpa0993de4boim4.png
kvasir,cju1amqw6p8pw0993d9gc5crl.png
kvasir,cju1bm8063nmh07996rsjjemq.png
kvasir,cju1c3218411b08014g9f6gig.png
kvasir,cju1cbokpuiw70988j4lq1fpi.png
kvasir,cju1cj3f0qi5n0993ut8f49rj.png
kvasir,cju1cqc7n4gpy0855jt246k68.png
kvasir,cju1ddr6p4k5z08780uuuzit2.png
kvasir,cju1f8w0t65en0799m9oacq0q.png
kvasir,cju1h89h6xbnx08352k2790o9.png
kvasir,cju1hp9i2xu8e0988u2dazk7m.png
kvasir,cju2hfqnmhisa0993gpleeldd.png
kvasir,cju2hjrqcvi2j0801bx1i6gxg.png
kvasir,cju2hos57llxm08359g92p6jj.png
kvasir,cju2hqt33lmra0988fr5ijv8j.png
kvasir,cju2lberzkdzm09938cl40pog.png
kvasir,cju2mh8t6p07008350e01tx2a.png
kvasir,cju2nnqrqzp580855z8mhzgd6.png
kvasir,cju2np2k9zi3v079992ypxqkn.png
kvasir,cju2omjpeqj5a0988pjdlb8l1.png
kvasir,cju2osuru0ki00855txo0n3uu.png
kvasir,cju2pag1f0s4r0878h52uq83s.png
kvasir,cju2rga4psq9n09881z519xx0.png
kvasir,cju2rmd2rsw9g09888hh1efu0.png
kvasir,cju2rqo702wpx0855fn7d5cxh.png
kvasir,cju2top2ruxxy0988p1svx36g.png
kvasir,cju2wve9v7esz0878mxsdcy04.png
kvasir,cju2y40d8ulqo0993q0adtgtb.png
kvasir,cju2yi9tz8vky0801yqip0xyl.png
kvasir,cju2yo1j1v0qz09934o0e683p.png
kvasir,cju2yv4imv6cz099314jveiib.png
kvasir,cju2zp89k9q1g0855k1x0f1xa.png
kvasir,cju2zwg05a0oy0801yr73ig7g.png
kvasir,cju30ajhw09sx0988qyahx9s8.png
kvasir,cju30gxjq0djk0988jytm49rs.png
kvasir,cju30j1rgadut0801vuyrsnt8.png
kvasir,cju31w6goazci0799n014ly1q.png
kvasir,cju32srle1xfq083575i3fl75.png
kvasir,cju34m7h536wq0988xz7gx79v.png
kvasir,cju34xspwzenf0993cyzajv9n.png
kvasir,cju3tp94kfstl08181awh6z49.png
kvasir,cju3uhb79gcgr0871orbrbi3x.png
kvasir,cju3v11mrgwwb0755u242ygye.png
kvasir,cju3x5u2tiihx0818914gzxy1.png
kvasir,cju3xga12iixg0817dijbvjxw.png
kvasir,cju3ya7goj6at0818v2l5ay7f.png
kvasir,cju3ykamdj9u208503pygyuc8.png
kvasir,cju40m0rjkpw80871z6n6yg1u.png
kvasir,cju42qet0lsq90871e50xbnuv.png
kvasir,cju42wamblrqn098798r2yyok.png
kvasir,cju43jcqim2cp08172dvjvyui.png
kvasir,cju45rj7ln8980850a7821fov.png
kvasir,cju45ty6zn9oz0850qy4qnck1.png
kvasir,cju45v0pungu40871acnwtmu5.png
kvasir,cju5cky5xb0ay0801oxet697t.png
kvasir,cju5clr68b48r0755cmuvponm.png
kvasir,cju5hi52odyf90817prvcwg45.png
kvasir,cju5hyi9yegob0755ho3do8en.png
kvasir,cju5k3j3uf6de0817hszzfr7n.png
kvasir,cju5o4pk9h0720755lgp9jq8m.png
kvasir,cju5wrrs0m2af0818vmnajbtw.png
kvasir,cju5x00l6m5j608503k78ptee.png
kvasir,cju5xjn5mm78b09871spyqhhr.png
kvasir,cju5xkwzxmf0z0818gk4xabdm.png
kvasir,cju5xq3tdm9fn0987pbedxdg5.png
kvasir,cju5y4hgqmk0i08180rjhbwvp.png
kvasir,cju5yeqiwmkgl0801fzv2douc.png
kvasir,cju6us80mv1b50871ebyq2wxa.png
kvasir,cju6uy20suzbl0987rzuhz7z9.png
kvasir,cju6v1m1xv07w09870ah3njy1.png
kvasir,cju6vifjlv55z0987un6y4zdo.png
kvasir,cju6vrs1ov8cr098788h8gs6j.png
kvasir,cju6x0yqbvxqt0755dhxislgb.png
kvasir,cju7ajnbo1gvm098749rdouk0.png
kvasir,cju7awzmu1ncs0871hziy65zx.png
kvasir,cju7bd1qu1mx409877xjxibox.png
kvasir,cju7bgnvb1sf808717qa799ir.png
kvasir,cju7crgxa28550755wbsgqkel.png
kvasir,cju7da88w2eod0755wejzynvt.png
kvasir,cju7ddtz729960801uazp1knc.png
kvasir,cju7do8c72dbo0801vxfzxdc4.png
kvasir,cju7dymur2od30755eg8yv2ht.png
kvasir,cju7ecl9i2i060987xawjp4l0.png
kvasir,cju7fbndk2sl608015ravktum.png
kvasir,cju7fcgbe2z3p07550vaflqdb.png
kvasir,cju7fpfzq2wyf0818xxd1oziv.png
kvasir,cju84hibuktj80871u519o71q.png
kvasir,cju88cddensj00987788yotmg.png
kvasir,cju88t4fvokxf07558ymyh281.png
kvasir,cju88vx2uoocy075531lc63n3.png
kvasir,cju8alhigqn2h0801zksudldd.png
kvasir,cju8aqq8uqmoq0987hphto9gg.png
kvasir,cju8bk8oirjhw0817hgkua2w8.png
kvasir,cju8c2rqzs5t80850d0zky5dy.png
kvasir,cju8d4jgatgpj0871q2ophhkm.png
kvasir,cju8dqkrqu83i0818ev74qpxq.png
